{
  "model_path": "meta-llama/Llama-3.2-3B-Instruct",
  "task_name": "pretrained_baseline",
  "topic": "challenger_disaster",
  "model_config": "configs/model/Llama-3.2-3B-Instruct.yaml",
  "hf_path": "apeleg/SUITE",
  "max_length": 512,
  "formatting": {
    "add_context": false,
    "add_refusal_context": false,
    "system_prompt": true
  },
  "splits": {
    "forget_eval": {
      "split": "forget_eval",
      "overall": {
        "n_examples": 75,
        "mean_nll_per_token": 1.9054737801111112,
        "corpus_nll_per_token": 1.7526898967551623,
        "mean_nll_sum": 7.922158333333334
      },
      "groups": {
        "K1": {
          "n_examples": 3,
          "mean_nll_per_token": 3.35760125,
          "corpus_nll_per_token": 3.1100506,
          "mean_nll_sum": 10.366835333333333
        },
        "K10": {
          "n_examples": 3,
          "mean_nll_per_token": 0.7090515555555555,
          "corpus_nll_per_token": 0.7115986875,
          "mean_nll_sum": 3.795193
        },
        "K11": {
          "n_examples": 3,
          "mean_nll_per_token": 0.6469506833333333,
          "corpus_nll_per_token": 0.6471997142857143,
          "mean_nll_sum": 3.020265333333333
        },
        "K12": {
          "n_examples": 3,
          "mean_nll_per_token": 1.4580997833333331,
          "corpus_nll_per_token": 1.472355,
          "mean_nll_sum": 6.87099
        },
        "K13": {
          "n_examples": 3,
          "mean_nll_per_token": 2.2489238,
          "corpus_nll_per_token": 2.3508813636363635,
          "mean_nll_sum": 8.619898333333333
        },
        "K14": {
          "n_examples": 3,
          "mean_nll_per_token": 2.8037264166666667,
          "corpus_nll_per_token": 2.6875672307692304,
          "mean_nll_sum": 11.646124666666665
        },
        "K15": {
          "n_examples": 3,
          "mean_nll_per_token": 1.1378980333333333,
          "corpus_nll_per_token": 1.1400956428571427,
          "mean_nll_sum": 5.320446333333333
        },
        "K16": {
          "n_examples": 3,
          "mean_nll_per_token": 1.8467485000000001,
          "corpus_nll_per_token": 1.8467485000000001,
          "mean_nll_sum": 7.3869940000000005
        },
        "K17": {
          "n_examples": 3,
          "mean_nll_per_token": 1.282063361111111,
          "corpus_nll_per_token": 1.3028973000000001,
          "mean_nll_sum": 4.3429910000000005
        },
        "K18": {
          "n_examples": 3,
          "mean_nll_per_token": 1.8841355833333333,
          "corpus_nll_per_token": 1.8957325555555558,
          "mean_nll_sum": 11.374395333333334
        },
        "K19": {
          "n_examples": 3,
          "mean_nll_per_token": 2.225901,
          "corpus_nll_per_token": 2.225901,
          "mean_nll_sum": 11.129505
        },
        "K2": {
          "n_examples": 3,
          "mean_nll_per_token": 4.572560516666667,
          "corpus_nll_per_token": 4.263545384615385,
          "mean_nll_sum": 18.475363333333334
        },
        "K20": {
          "n_examples": 3,
          "mean_nll_per_token": 1.26280575,
          "corpus_nll_per_token": 1.26280575,
          "mean_nll_sum": 5.051223
        },
        "K3": {
          "n_examples": 3,
          "mean_nll_per_token": 2.25917215,
          "corpus_nll_per_token": 2.3986884285714285,
          "mean_nll_sum": 11.193879333333333
        },
        "K4": {
          "n_examples": 3,
          "mean_nll_per_token": 1.8308128333333331,
          "corpus_nll_per_token": 1.9520376428571427,
          "mean_nll_sum": 9.109509
        },
        "K5": {
          "n_examples": 3,
          "mean_nll_per_token": 1.2047673333333333,
          "corpus_nll_per_token": 1.147214875,
          "mean_nll_sum": 6.118479333333333
        },
        "K6": {
          "n_examples": 3,
          "mean_nll_per_token": 2.012800472222222,
          "corpus_nll_per_token": 2.0402273125,
          "mean_nll_sum": 10.881212333333332
        },
        "K7": {
          "n_examples": 3,
          "mean_nll_per_token": 3.1933832888888887,
          "corpus_nll_per_token": 2.760758727272727,
          "mean_nll_sum": 10.122781999999999
        },
        "K8": {
          "n_examples": 3,
          "mean_nll_per_token": 1.7794001333333334,
          "corpus_nll_per_token": 1.7794001333333334,
          "mean_nll_sum": 8.897000666666667
        },
        "K9": {
          "n_examples": 3,
          "mean_nll_per_token": 1.4613941166666666,
          "corpus_nll_per_token": 1.5026710714285714,
          "mean_nll_sum": 7.012465
        },
        "M1": {
          "n_examples": 3,
          "mean_nll_per_token": 0.23136581666666667,
          "corpus_nll_per_token": 0.22168064285714287,
          "mean_nll_sum": 1.0345096666666667
        },
        "M2": {
          "n_examples": 3,
          "mean_nll_per_token": 0.3357630916666667,
          "corpus_nll_per_token": 0.2753644761904762,
          "mean_nll_sum": 1.9275513333333334
        },
        "M3": {
          "n_examples": 3,
          "mean_nll_per_token": 1.4602578333333334,
          "corpus_nll_per_token": 1.3335266000000001,
          "mean_nll_sum": 4.445088666666667
        },
        "M4": {
          "n_examples": 3,
          "mean_nll_per_token": 2.729423033333333,
          "corpus_nll_per_token": 2.621450076923077,
          "mean_nll_sum": 11.359617
        },
        "M5": {
          "n_examples": 3,
          "mean_nll_per_token": 3.7018381666666667,
          "corpus_nll_per_token": 2.850546444444445,
          "mean_nll_sum": 8.551639333333334
        }
      },
      "per_example": [
        {
          "index": 0,
          "label": "M1-direct",
          "nll_sum": 0.563754,
          "n_answer_tokens": 5
        },
        {
          "index": 1,
          "label": "M1-indirect",
          "nll_sum": 1.071942,
          "n_answer_tokens": 5
        },
        {
          "index": 2,
          "label": "M2-direct",
          "nll_sum": 0.543384,
          "n_answer_tokens": 8
        },
        {
          "index": 3,
          "label": "M2-indirect",
          "nll_sum": 1.446503,
          "n_answer_tokens": 8
        },
        {
          "index": 4,
          "label": "M3-direct",
          "nll_sum": 4.060715,
          "n_answer_tokens": 3
        },
        {
          "index": 5,
          "label": "M3-indirect",
          "nll_sum": 8.502769,
          "n_answer_tokens": 3
        },
        {
          "index": 6,
          "label": "M4-direct",
          "nll_sum": 5.534439,
          "n_answer_tokens": 4
        },
        {
          "index": 7,
          "label": "M4-indirect",
          "nll_sum": 21.915539,
          "n_answer_tokens": 4
        },
        {
          "index": 8,
          "label": "M5-direct",
          "nll_sum": 10.45647,
          "n_answer_tokens": 2
        },
        {
          "index": 9,
          "label": "M5-indirect",
          "nll_sum": 9.458633,
          "n_answer_tokens": 2
        },
        {
          "index": 10,
          "label": "K1-direct",
          "nll_sum": 15.901127,
          "n_answer_tokens": 3
        },
        {
          "index": 11,
          "label": "K1-indirect",
          "nll_sum": 11.671,
          "n_answer_tokens": 3
        },
        {
          "index": 12,
          "label": "K2-direct",
          "nll_sum": 25.065687,
          "n_answer_tokens": 4
        },
        {
          "index": 13,
          "label": "K2-indirect",
          "nll_sum": 27.583584,
          "n_answer_tokens": 4
        },
        {
          "index": 14,
          "label": "K3-direct",
          "nll_sum": 17.05551,
          "n_answer_tokens": 5
        },
        {
          "index": 15,
          "label": "K3-indirect",
          "nll_sum": 15.302351,
          "n_answer_tokens": 5
        },
        {
          "index": 16,
          "label": "K4-direct",
          "nll_sum": 8.59709,
          "n_answer_tokens": 5
        },
        {
          "index": 17,